water_object_name,organization_name,location_wastewater_locality,location_wastewater_subject,water_object_type
Иртыш,"""Акционерное общество «ОмскВодоканал»""",г.Омск,"""Омская область""",Река
"""вдхр Горьковское""","""Муниципальное унитарное предприятие г. Костромы «Костромагорводоканал»""","""г. Кострома""","""Костромская область""",Водохранилище
Миасс,"""Муниципальное унитарное предприятие «Производственное объединение водоснабжения и водоотведения» г. Челябинска""","""Челябинский городской округ""","""Челябинская область""",Река
"""вдхр Горьковское""","""Муниципальное унитарное предприятие г. Костромы «Костромагорводоканал»""","""д. Коркино""","""Костромская область""",Водохранилище
"""вдхр Горьковское""","""Муниципальное унитарное предприятие г. Костромы «Костромагорводоканал»""","""г. Кострома""","""Костромская область""",Водохранилище
Чернавка,"""Муниципальное унитарное предприятие «Водоканал»""","""д. Воронье""","""Кировская область""",Река
"""Азовское море""","""ГУП РК «Вода Крыма»""","""с. Бондаренково""","""Республика Крым""",Море
"""Онежское озеро""","""АО """"ПКС-Водоканал""""""","""г.Петрозаводск, м.Выгойнаволок""","""Республика Карелия""",Озеро
"""Куйбышевское водохранилище""","""Ульяновское Муниципальное унитарное предприятие водопроводно-канализационного хозяйства «Ульяновскводоканал»""","""г. Ульяновск""","""Ульяновская область""",Водохранилище
Янгаяха,"""Акционерное общество «Энерго-Газ-Ноябрьск»""",г.Ноябрьск,"""Тюменская область""",Река
Северушка,"""Акционерное общество «Северский трубный завод»""","""Полевской городской округ""","""Свердловская область""",Река
Кадат,"""Публичное акционерное общество «Юнипро»""","""г. Шарыпово""","""Красноярский край""",Река
Янгаяха,"""Акционерное общество «Энерго-Газ-Ноябрьск»""",г.Ноябрьск,"""Тюменская область""",Река
Сходня,"""Акционерное общество «Мосводоканал»""","""г. Москва, район Куркино""","""г. Москва""",Река
"""Азовское море""","""ГУП РК «Вода Крыма»""","""с. Бондаренково""","""Республика Крым""",Море
КАЗАНКА,"""Акционерное общество «Высокогорские коммунальные сети»""","""пос. ж/д ст. Высокая Гора""","""Республика Татарстан""",Река
КАЗАНКА,"""Акционерное общество «Высокогорские коммунальные сети»""","""пос. ж/д ст. Высокая Гора""","""Республика Татарстан""",Река
Магаданка,"""МУП г. Магадана «Водоканал»""","""г. Магадан""","""Магаданская область""",Река
Байгора,"""Общество с ограниченной ответственностью «Водоканал»""","""г. Грязи""","""Липецкая область""",Река
Воронеж,"""Муниципальное унитарное предприятие «Липецкая станция аэрации»""","""г. Липецк""","""Липецкая область""",Река
"""Невская губа""","""Государственное унитарное предприятие «Водоканал Санкт-Петербурга»""","""г. Санкт-Петербург""",Санкт-Петербург,Губа
Великая,"""Муниципальное предприятие г. Пскова «Горводоканал»""","""Завеличенская волость""","""Псковская область""",Река
ЮХОТЬ,"""Государственное предприятие Ярославской области «Северный водоканал»""","""с. Большое Село Большесельского муниципального района""","""Ярославская область""",Река
ЮХОТЬ,"""Государственное предприятие Ярославской области «Северный водоканал»""","""с. Большое Село Большесельского муниципального района""","""Ярославская область""",Река
КАЗАНКА,"""Акционерное общество «Высокогорские коммунальные сети»""","""пос. ж/д ст. Высокая Гора""","""Республика Татарстан""",Река
МОЧА,"""Акционерное общество «Мосводоканал»""","""поселение Щаповское""",Москва,Река
"""Черное море""","""ГУП РК «Вода Крыма»""","""г. Феодосия""","""Республика Крым""",Море
"""Черное море""","""ГУП РК «Вода Крыма»""","""г. Алушта""","""Республика Крым""",Море
КАЗАНКА,"""Акционерное общество «Высокогорские коммунальные сети»""","""пос. ж/д ст. Высокая Гора""","""Республика Татарстан""",Река
Вязьма,"""Общество с ограниченной ответственностью «Региональные Объединенные системы водоснабжения и водоотведения Смоленской области»""","""г. Вязьма""","""Смоленская область""",Река
"""Невская губа""","""Государственное унитарное предприятие «Водоканал Санкт-Петербурга»""","""г. Санкт-Петербург""",Санкт-Петербург,Губа
Десна,"""Муниципальное унитарное предприятие «Брянский городской водоканал»""","""г. Брянск""","""Брянская область""",Река
Оранка,"""Акционерное общество «Мосводоканал»""","""г.о. Троицк""",Москва,Ручей
"""Куйбышевское водохранилище""","""Ульяновское Муниципальное унитарное предприятие водопроводно-канализационного хозяйства «Ульяновскводоканал»""","""г. Ульяновск""","""Ульяновская область""",Водохранилище
Иж,"""Муниципальное унитарное предприятие г. Ижевска «Ижводоканал»""","""г. Ижевск""","""Удмуртская Республика""",Река
Березовка,"""Муниципальное унитарное предприятие Березовское водо-канализационное хозяйство «Водоканал»""","""г. Березовский""","""Свердловская область""",Река
"""Ока (Аха)""","""Акционерное общество «Саянскхимпласт»""","""Зиминский район, с. Баргадай""","""Иркутская область""",Река
Вычегда,"""Муниципальное предприятие «Горводоканал» (МП «Горводоканал»)""","""г. Котлас""","""Архангельская область""",Река
Маняуска,"""Акционерное общество «Азнакаевское предприятие тепловых сетей»""","""г. Азнакаево""","""Республика Татарстан""",Река
Чернавка,"""Муниципальное унитарное предприятие «Водоканал»""","""д. Воронье""","""Кировская область""",Река
Исеть,"""Екатеринбургское муниципальное унитарное предприятие водопроводно-канализационного хозяйства (МУП «Водоканал»)""","""г. Екатеринбург""","""Свердловская область""",Река
Обь,"""Муниципальное унитарное предприятие города Нижневартовска «Горводоканал»""","""г. Нижневартовск""","""Ханты-Мансийский автономный округ-Югра""",Река
"""Белгородское водохранилище""","""Государственное унитарное предприятие Белгородской области «Белгородский областной водоканал» (ГУП «Белоблводоканал»)""","""г. Белгород""","""Белгородская область""",Водохранилище
"""Черное море""","""ГУП РК «Вода Крыма»""","""г. Феодосия""","""Республика Крым""",Море
"""вдхр Рыбинское""","""Государственное предприятие Ярославской области «Северный водоканал»""","""п. Каменники""","""Ярославская область""",Водохранилище
"""Черное море""","""ГУП РК «Вода Крыма»""","""Сакский район""","""Республика Крым""",Море
Раздольная,"""Муниципальное унитарное предприятие «Уссурийск-Водоканал»""","""г. Уссурийск""","""Приморский край""",Река
Обь,"""Муниципальное унитарное предприятие Новосибирска «ГОРВОДОКАНАЛ»""","""д.п. Кудряшовский""","""Новосибирская область""",Река
Лена,"""Акционерное общество «Водоканал»""","""г. Якутск""","""Республика Саха (Якутия)""",Река
"""Черное море""","""Акционерное общество «Анапа Водоканал»""","""г. Анапа""","""Краснодарский край""",Море
Березовка,"""Муниципальное унитарное предприятие Березовское водо-канализационное хозяйство «Водоканал»""","""г. Березовский""","""Свердловская область""",Река
Кубань,"""Общество с ограниченной ответственностью «Краснодар Водоканал»""","""г. Краснодар""","""Краснодарский край""",Река
Гнилуша,"""Муниципальное унитарное предприятие городского округа Домодедово «Домодедовский водоканал»""","""г.о. Домодедово, д. Житнево""","""Московская область""",Река
Северка,"""Муниципальное унитарное предприятие городского округа Домодедово «Домодедовский водоканал»""","""г.о. Домодедово, с. Растуново""","""Московская область""",Река
Северка,"""Муниципальное унитарное предприятие городского округа Домодедово «Домодедовский водоканал»""","""г. Домодедово, мкр. Барыбино""","""Московская область""",Река
Зея,"""Общество с ограниченной ответственностью «Амурские коммунальные системы»""","""г. Благовещенск""","""Амурская область""",Река
"""Безымянный (приток реки Гнилуши)""","""Муниципальное унитарное предприятие городского округа Домодедово «Домодедовский водоканал»""","""г.о. Домодедово, д, Кутузово""","""Московская область""",Ручей
Волга,"""Муниципальное унитарное предприятие г.Астрахани «Астрводоканал»""",г.Астрахань,"""Астраханская область""",Река
Ангара,"""МУП """"Водоканал"""" г. Иркутска""","""г. Иркутск""","""Иркутская область""",Река
"""Прямая Болда""","""Муниципальное унитарное предприятие г.Астрахани «Астрводоканал»""","""Поселок Садовый Приволжского района Астраханской области""","""Астраханская область""",Водоток
"""Невская губа""","""Государственное унитарное предприятие «Водоканал Санкт-Петербурга»""","""г. Санкт-Петербург""",Санкт-Петербург,Губа
Десна,"""Акционерное общество «Мосводоканал»""","""деревня Расторопово""","""г. Москва""",Река
Тагил,"""ООО «Водоканал-НТ»""","""г. Нижний Тагил""","""Свердловская область""",Река
"""Невская Губа""","""КОС г. Петродворец""","""г. Петергоф""",Санкт-Петербург,Губа
Урал,"""Общества с ограниченной ответственностью «Оренбург Водоканал»""","""г. Оренбург""","""Оренбургская область""",Река
"""прот. Кузнечиха""","""Общество с ограниченной ответственностью «РВК-Архангельск»""","""г. Архангельск""","""Архангельская область""",Водоток
"""ер. Кривуша""","""Акционерное общество «Новокуйбышевские очистные сооружения»""","""г. Новокуйбышевск""","""Самарская область""",Водоток
Черное,"""Акционерное общество «Водный Союз»""","""г. Курган""","""Курганская область""",Озеро
Черное,"""Акционерное общество «Водный Союз»""","""г. Курган""","""Курганская область""",Озеро
ДЕГОТНЯ,"""Акционерное общество «Щекиноазот»""","""р.п. Первомайский""","""Тульская область""",Река
"""Горьковское водохранилище (р.Волга)""","""Акционерное общество «Ярославльводоканал»""","""г. Ярославль""","""Ярославская область""",Водохранилище
Ликова,"""Акционерное общество «Мосводоканал»""","""поселение Московский""",Москва,Река
Страдань,"""Акционерное общество «Мосводоканал»""","""поселение Краснопахорское""",Москва,Ручей
"""вдхр Горьковское""","""Публичное акционерное общество «Автодизель» (Ярославский моторный завод)""","""г. Ярославль""","""Ярославская область""",Водохранилище
"""Ручей Черный""","""Муниципальное унитарное предприятие «Водоканал» г. Подольска""","""г. Подольск""","""Московская область""",Ручей
Ликова,"""Акционерное общество «Мосводоканал»""","""поселение Внуковское""",Москва,Река
"""вдхр Рыбинское""","""Государственное предприятие Ярославской области «Северный водоканал»""","""п. Каменники""","""Ярославская область""",Водохранилище
"""Воткинское водохранилище (р. Кама)""","""ООО """"НОВОГОР-Прикамье""""""","""Пермский муниципальный район""","""Пермский край""",Водохранилище
Бия,"""Муниципальное унитарное предприятие города Бийска «Водоканал»""","""г. Бийск""","""Алтайский край""",Река
Страдань,"""Акционерное общество «Мосводоканал»""","""поселение Краснопахорское""",Москва,Ручей
"""Куйбышевское вдхр.""","""ОАО «Камско-Устьинские коммунальные сети»""","""пгт. Камское Устье, Камско-Устьинский муниципальный район""","""Республика Татарстан""",Водохранилище
"""вдхр Горьковское""","""АО «Водоканал»""","""г. Кинешма""","""Ивановская область""",Водохранилище
Амур,"""Общество с ограниченной ответственностью «Амурские коммунальные системы»""","""г. Благовещенск""","""Амурская область""",Река
Ликова,"""Акционерное общество «Мосводоканал»""","""поселение Внуковское""",Москва,Река
Рассудовка,"""Акционерное общество «Мосводоканал»""","""поселение Новофедоровское""",Москва,Река
"""Безымянный (приток реки Гнилуши)""","""Муниципальное унитарное предприятие городского округа Домодедово «Домодедовский водоканал»""","""г. Домодедово, мкр. Белые Столбы""","""Московская область""",Ручей
"""Безымянный (приток реки Северки)""","""Муниципальное унитарное предприятие городского округа Домодедово «Домодедовский водоканал»""","""г. Домодедово, мкр. Белые Столбы-2""","""Московская область""",Ручей
"""Невская губа""","""Государственное унитарное предприятие «Водоканал Санкт-Петербурга»""","""г. Санкт-Петербург""",Санкт-Петербург,Губа
"""Протока Ланге-Пас (Лангепас) реки Обь""","""Общество с ограниченной ответственностью """"Промышленные Информационные Технологии""""""","""г. Лангепас""","""Ханты-Мансийский автономный округ - Югра""",Водоток
"""Куйбышевское водохранилище""","""Государственное унитарное предприятие Чувашской Республики «Биологические очистные сооружения» Министерства строительства, архитектуры и жилищно-коммунального хозяйства""","""г. Новочебоксарск""","""Чувашская Республика""",Водохранилище
НАРА,"""Муниципальное унитарное предприятие «Водоканал Наро-Фоминского городского округа»""","""г. Наро-Фоминск""","""Московская область""",Река
Мутнянка,"""Муниципальное унитарное предприятие «ВОДОКАНАЛ» города Ставрополя""",г.Ставрополь,"""Ставропольский край""",Река
МОЧА,"""Акционерное общество «Мосводоканал»""","""поселение Щаповское""",Москва,Река
Хаторица,"""Муниципальное унитарное предприятие «Водоканал» муниципального образования «город Архангельск»""",г.Архангельск,"""Архангельская область""",Река
"""Куйбышевское водохранилище""","""Акционерное общество «ЗВКС»""","""пгт. Васильево""","""Республика Татарстан""",Водохранилище
Речица,"""Муниципальное унитарное предприятие городского округа Домодедово «Домодедовский водоканал»""","""г.о. Домодедово, с. Вельяминово""","""Московская область""",Река
"""Тура (Долгая)""","""Общество с ограниченной ответственностью """"Тюмень Водоканал""""""","""г. Тюмень""","""Тюменская область""",Река
Камышла,"""Общество с ограниченной ответственностью «Водоканал»""","""г. Лениногорск""","""Республика Татарстан""",Река
"""Невская губа""","""Государственное унитарное предприятие «Водоканал Санкт-Петербурга»""","""г. Санкт-Петербург""",Санкт-Петербург,Губа
Магаданка,"""МУП г. Магадана «Водоканал»""","""г. Магадан""","""Магаданская область""",Река
АПНЕРКА,"""ГУП Чувашской Республики «БОС» Минстроя Чувашии""","""пгт. Вурнары""","""Чувашская Республика""",Река
"""Черное море""","""Акционерное общество «Анапа Водоканал»""","""г. Анапа""","""Краснодарский край""",Море
АПНЕРКА,"""ГУП Чувашской Республики «БОС» Минстроя Чувашии""","""пгт. Вурнары""","""Чувашская Республика""",Река
"""Невская губа""","""Государственное унитарное предприятие «Водоканал Санкт-Петербурга»""","""г. Санкт-Петербург""",Санкт-Петербург,Губа
"""вдхр Горьковское""","""АО «Водоканал»""","""г. Кинешма""","""Ивановская область""",Водохранилище
"""Безымянный (приток реки Северки)""","""Муниципальное унитарное предприятие городского округа Домодедово «Домодедовский водоканал»""","""г.о. Домодедово, д. Бехтеево""","""Московская область""",Ручей
"""Медведка (приток реки Северки)""","""Муниципальное унитарное предприятие городского округа Домодедово «Домодедовский водоканал»""","""г. Домодедово, мкр. Барыбино""","""Московская область""",Ручей
Кубань,"""Общество с ограниченной ответственностью «Водоканал»""","""г. Черкесск""","""Карачаево-Черкесская Республика""",Река
ПАХРА,"""Акционерное общество «Мосводоканал»""","""поселение Михайлово-Ярцевское""",Москва,Река
НАРА,"""Муниципальное унитарное предприятие «Водоканал Наро-Фоминского городского округа»""","""г. Наро-Фоминск""","""Московская область""",Река
ПАХРА,"""Акционерное общество «Мосводоканал»""","""поселение Михайлово-Ярцевское""",Москва,Река
Оранка,"""Акционерное общество «Мосводоканал»""","""г.о. Троицк""",Москва,Ручей
"""Черное море""","""ООО «КВГ»""","""г. Геленджик""","""Краснодарский край""",Море
"""вдхр Угличское""","""Акционерное общество «Производственно-техническое объединение городского хозяйства»""","""г.о. Дубна""","""Московская область""",Водохранилище
ЯУЗА,"""Государственное унитарное предприятие города Москвы по эксплуатации московских водоотводящих систем «МОСВОДОТОК» (ГУП «Мосводосток»)""","""г. Москва, ВАО""",Москва,Река
ЛИХОБОРКА,"""Государственное унитарное предприятие города Москвы по эксплуатации московских водоотводящих систем «МОСВОДОТОК» (ГУП «Мосводосток»)""","""г. Москва, САО""",Москва,Река
"""Куйбышевское вдхр.""","""Акционерное общество «ЗВКС»""","""пгт. Васильево""","""Республика Татарстан""",Водохранилище
ЕНИСЕЙ,"""Общество с ограниченной ответственностью «Саяногорские коммунальные системы» (ООО «СКС»)""","""р.п. Майна""","""Республика Хакасия""",Река
ЕНИСЕЙ,"""Общество с ограниченной ответственностью «Саяногорские коммунальные системы» (ООО «СКС»)""","""г. Саяногорск""","""Республика Хакасия""",Река
УХТА,"""Общество с ограниченной ответственностью «ЛУКОЙЛ-Ухтанефтепереработка» (OOO «ЛУКОЙЛ-УНП»)""","""г. Ухта""","""Республика Коми""",Река
Пельшма,"""Муниципальное унитарное предприятие «Коммунальные системы»""","""г. Кадников Сокольского муниципального района""","""Вологодская область""",Река
"""Куйбышевское водохранилище (Черемшанский залив)""","""ООО """"Ульяновскоблводоканал""""""","""г. Димитровград""","""Ульяновская область""",Водохранилище
МОСКВА,"""Государственное унитарное предприятие города Москвы по эксплуатации московских водоотводящих систем «МОСВОДОТОК» (ГУП «Мосводосток»)""","""г. Москва, ЮВАО; г. Москва, СЗАО""",Москва,Река
Тарн-Вар,"""Общество с ограниченной ответственностью «Промочистка»""","""Нурлатский район""","""Республика Татарстан""",Ручей
МОСКВА,"""Государственное унитарное предприятие города Москвы по эксплуатации московских водоотводящих систем «МОСВОДОТОК» (ГУП «Мосводосток»)""","""г. Москва, ЮВАО; г. Москва, СЗАО""",Москва,Река
Исеть,"""Акционерное общество «Водоканал Каменск-Уральский»""","""г. Каменск-Уральский""","""Свердловская область""",Река
Саба,"""Акционерного общества «Сабинское многоотраслевое производственное предприятие жилищно-коммунального хозяйства»""","""Сабинский район, п.г.т. Богатые Сабы""","""Республика Татарстан""",Река
БЕЛАЯ,"""Государственное унитарное предприятие Республики Башкортостан «Уфаводоканал»""","""г. Уфа""","""Республика Башкортостан""",Река
Еваяха,"""Акционерное общество «Уренгойгорводоканал»""","""г. Новый Уренгой""","""Ямало-Ненецкий автономный округ""",Река
БЕЛАЯ,"""Общество с ограниченной ответственностью «Промводоканал»""","""г. Ишимбай""","""Республика Башкортостан""",Река
"""Майнское вдхр.""","""Общество с ограниченной ответственностью «Саяногорские коммунальные системы» (ООО «СКС»)""","""р.п. Черемушки""","""Республика Хакасия""",Водохранилище
Пехорка,"""Акционерное общество «Мосводоканал»""","""городской округ Люберцы Московской области""","""Московская область""",Река
"""Большая Пера""","""Муниципальное унитарное предприятие «Водоканал» ЗАТО Циолковский""","""г. Циолковский""","""Амурская область""",Река
Вятка,"""Муниципальное унитарное предприятие «Водоканал»""","""д. Большая гора""","""Кировская область""",Река
Десна,"""Муниципальное унитарное предприятие «Брянский городской водоканал»""","""г. Брянск""","""Брянская область""",Река
Ока,"""Муниципальное унитарное предприятие «Тепловодоканал» города Пущино""","""г.о. Пущино""","""Московская область""",Река
"""Читинка (Чита)""","""Акционерное общество «Производственное управление водоснабжения и водоотведения города Читы»""","""г. Чита""","""Забайкальский край""",Река
"""Песчаный Лог (Голубой Дунай)""","""Общество с ограниченной ответственностью «РВК-Воронеж»""","""г. Воронеж""","""Воронежская область""",Река
"""Бугульминский Зай""","""Общество с ограниченной ответственностью «Бугульма-Водоканал»""","""с. Малая Бугульма Бугульминского района""","""Республика Татарстан""",Река
"""Зай (Степной Зай)""","""Общество с ограниченной ответственностью «Бугульма-Водоканал»""","""п.г.т. Карабаш Бугульминского района""","""Республика Татарстан""",Река
Шемелка,"""Общества с ограниченной ответственностью «Энергоресурс»""","""с. Новое Шигалеево, Пестречинского муниципального района""","""Республика Татарстан""",Река
"""Невская губа""","""Государственное унитарное предприятие «Водоканал Санкт-Петербурга»""","""г. Санкт-Петербург""",Санкт-Петербург,Губа
Москва,"""Акционерное общество «Мосводоканал»""","""г. Москва, район Курьяново""","""г. Москва""",Река
"""Невская губа""","""Государственное унитарное предприятие «Водоканал Санкт-Петербурга»""","""г. Санкт-Петербург""",Санкт-Петербург,Губа
"""Волга (протока Воложка Куропатка)""","""ООО """"Концессии водоснабжения""""""","""г. Волгоград""","""Волгоградская область""",Река
"""Невская губа""","""Государственное унитарное предприятие «Водоканал Санкт-Петербурга»""","""г. Санкт-Петербург""",Санкт-Петербург,Губа
Волховское,"""Публичное акционерное общество «Акрон»""","""г. Великий Новгород""","""Новгородская область""",Водохранилище
"""Лена (Большая Лена)""","""Акционерное общество Производственное объединение «Якутцемент» (АО ПО «Якутцемент»)""","""п. Мохсоголлох""","""Республика Саха (Якутия)""",Река
Кума,"""Производственно-техническое подразделение Минераловодское филиала ГУП СК «Ставрополькрайводоканал»-«Южный»""","""г. Минеральные воды Минераловодского района""","""Ставропольский край""",Река
ЧАПАЕВКА,"""Общество с ограниченной ответственностью «Водоканал»""","""г. Чапаевск""","""Самарская область""",Река
"""Черное море""","""Общество с ограниченной ответственностью «Концессии водоснабжения – Геленджик» (ООО «КВГ»)""","""г. Геленджик""","""Краснодарский край""",Море
Амур,"""Муниципальное унитарное предприятие города Хабаровска «Водоканал»""","""г. Хабаровск""","""Хабаровский край""",Река
"""Лена (Большая Лена)""","""Акционерное общество Производственное объединение «Якутцемент» (АО ПО «Якутцемент»)""","""п. Мохсоголлох""","""Республика Саха (Якутия)""",Река
Сейм,"""Муниципальное унитарное предприятие «Водоканал города Курска»""","""д. Ворошнево, Ворошневского с/совета, Курского района""","""Курская область""",Река
Волга,"""Муниципальное унитарное предприятие г.Астрахани «Астрводоканал»""",г.Астрахань,"""Астраханская область""",Река
"""Финский залив""","""Государственное унитарное предприятие «Водоканал Ленинградской области» (ГУП «Леноблводоканал»)""","""г. Выборг""","""Ленинградская область""","""Залив (часть моря)"""
Горьковское,"""Государственное предприятие Ярославской области «Северный водоканал»""","""г. Рыбинск""","""Ярославская область""",Водохранилище
Ока,"""Государственное предприятие Калужской области «Калугаоблводоканал»""","""г. Калуга""","""Калужская область""",Река
"""Лена (Большая Лена)""","""Акционерное общество Производственное объединение «Якутцемент» (АО ПО «Якутцемент»)""","""п. Мохсоголлох""","""Республика Саха (Якутия)""",Река
Олха,"""Муниципальное унитарное предприятие «Водоканал» г. Иркутска""","""г. Шелехов""","""Иркутская область""",Река
"""Куйбышевское водохранилище""","""Муниципальное унитарное предприятие «Водоканал» г. Казань""","""н.п. Крутушка Авиастроительного района г. Казани""","""Республика Татарстан""",Водохранилище
"""Куйбышевское водохранилище""","""Государственное унитарное предприятие Чувашской Республики «Биологические очистные сооружения» Министерства строительства, архитектуры и жилищно-коммунального хозяйства""","""г. Новочебоксарск""","""Чувашская Республика""",Водохранилище
Москва,"""Акционерное общество «Мосводоканал»""","""Раменский муниципальный район Московской области""","""Московская область""",Река
"""Рыбинское водохранилище""","""Муниципальное унитарное предприятие города Череповца «Водоканал»""","""г. Череповец""","""Вологодская область""",Водохранилище
"""Саратовское водохранилище (р. Волга)""","""ООО """"Самарские коммунальные системы""""""","""Куйбышевский район, г.о. Самара, район о. Коровий""","""Самарская область""",Водохранилище
"""Рыбинское водохранилище""","""Муниципальное унитарное предприятие города Череповца «Водоканал»""","""г. Череповец""","""Вологодская область""",Водохранилище
"""Саратовское водохранилище (р. Волга)""","""ООО """"Самарские коммунальные системы""""""","""Куйбышевский район, г.о. Самара, район о. Коровий""","""Самарская область""",Водохранилище
"""Чебоксарское водохранилище""","""ОАО «Дзержинский водоканал»""","""с. Безводное Кстовского района""","""Нижегородская область""",Водохранилище
"""Воткинское водохранилище (р. Кама)""","""ООО """"НОВОГОР-Прикамье""""""","""Пермский муниципальный район""","""Пермский край""",Водохранилище
"""Чебоксарское водохранилище""","""АО «Нижегородский водоканал»""","""Кстовский муниципальный район, Афонинский сельсовет""","""Нижегородская область""",Водохранилище
Плесенка,"""Акционерное общество «Мосводоканал»""","""поселение Десеновское""",Москва,Река
Прутивная,"""Общество с ограниченной ответственностью «Новая городская инфраструктура Прикамья» (ООО «НОВОГОР-Прикамье»)""","""пос. Новые Ляды""","""Пермский край""",Река
"""Куйбышевское водохранилище (Черемшанский залив)""","""ООО """"Ульяновскоблводоканал""""""","""г. Димитровград""","""Ульяновская область""",Водохранилище
Мензеля,"""Акционерное общество «Азнакоевское предприятие тепловых сетей»""","""д.Старый Мензелябаш Сармановского района""","""Республика Татарстан""",Река
Миасс,"""Открытое акционерное общество «Миассводоканал» (ОАО «Миассводоканал»)""","""Миасский городской округ""","""Челябинская область""",Река
Конда,"""Акционерное общество """"Водоканал""""""","""Муниципальное образование Кондинский район Ханты-Мансйиского автономного округа - Югры Тюменской области""","""Ханты-Мансийский автономный округ - Югра, Тюменская область""",Река
Обь,"""Сургутское городское муниципальное унитарное предприятие «Горводоканал»""","""г. Сургут""","""Ханты-Мансийский автономный округ-Югра""",Река
Сура,"""Общество с ограниченной ответственностью «Горводоканал»""","""г. Пенза""","""Пензенская область""",Река
"""Саратовское водохранилище""","""Публичное акционерное общество «Тольяттиазот»""","""поселок Федоровка""","""Самарская область""",Водохранилище
Северка,"""Екатеринбургское муниципальное унитарное предприятие водопроводно-канализационного хозяйства (МУП «Водоканал»)""","""г. Екатеринбург""","""Свердловская область""",Река
"""Куйбышевское водохранилище""","""Государственное унитарное предприятие Чувашской Республики «Биологические очистные сооружения» Министерства строительства, архитектуры и жилищно-коммунального хозяйства""","""г. Новочебоксарск""","""Чувашская Республика""",Водохранилище
"""Куйбышевское водохранилище""","""Муниципальное унитарное предприятие «Водоканал» г. Казань""","""пос. Победилово Приволжского района г. Казани""","""Республика Татарстан""",Водохранилище
Злодейка,"""Муниципальное унитарное предприятие городского округа Домодедово «Домодедовский водоканал»""","""г.о. Домодедово, д. Шишкино""","""Московская область""",Река
Мураниха,"""Муниципальное унитарное предприятие городского округа Домодедово «Домодедовский водоканал»""","""г. Домодедово, мкр. Авиационный""","""Московская область""",Река
Пахра,"""Муниципальное унитарное предприятие городского округа Домодедово «Домодедовский водоканал»""","""г.о. Домодедово, д. Павловское""","""Московская область""",Река
Востец,"""Муниципальное унитарное предприятие городского округа Домодедово «Домодедовский водоканал»""","""г.о. Домодедово, ОПХ Ильинское""","""Московская область""",Река
Клязьма,"""Муниципальное унитарное предприятие «Владимирводоканал» г. Владимира""","""г. Владимир""","""Владимирская область""",Река
"""Куйбышевское водохранилище""","""Общество с ограниченной ответственностью «АВТОГРАД-ВОДОКАНАЛ»""","""поселок Приморский""","""Самарская область""",Водохранилище
"""Ручей Черный""","""Муниципальное унитарное предприятие «Водоканал» г. Подольска""","""г. Подольск""","""Московская область""",Ручей
"""Куйбышевское водохранилище""","""Ульяновское Муниципальное унитарное предприятие водопроводно-канализационного хозяйства «Ульяновскводоканал»""","""г. Ульяновск""","""Ульяновская область""",Водохранилище
"""Черное море""","""Государственное унитарное предприятие города Севастополя «Водоканал»""",г.Севастополь,г.Севастополь,Море
"""СЛАВЯНКА (БАС.Р.НЕВА БАЛТ.М.""","""ГУП «Водоканал Санкт-Петербурга»""","""г. Санкт-Петербург, пос. Тярлево""",Санкт-Петербург,Река
Камышенка,"""Екатеринбургское муниципальное унитарное предприятие водопроводно-канализационного хозяйства (МУП «Водоканал»)""","""г. Екатеринбург""","""Свердловская область""",Река
"""Невская губа""","""Государственное унитарное предприятие «Водоканал Санкт-Петербурга»""","""г. Санкт-Петербург""",Санкт-Петербург,Губа
"""Калининградский залив Балтийского моря""","""ГП КО """"Водоканал""""""","""г. Калининград""","""Калининградская область""","""Залив (часть моря)"""
"""Невская губа""","""Государственное унитарное предприятие «Водоканал Санкт-Петербурга»""","""г. Санкт-Петербург""",Санкт-Петербург,Губа
Ока,"""Муниципальное унитарное предприятие водопроводно-канализационного хозяйства «Орелводоканал»""","""д. Вязки""","""Орловская область""",Река
"""Куйбышевское водохранилище""","""Ульяновское Муниципальное унитарное предприятие водопроводно-канализационного хозяйства «Ульяновскводоканал»""","""г. Ульяновск""","""Ульяновская область""",Водохранилище
Рожая,"""Муниципальное унитарное предприятие городского округа Домодедово «Домодедовский водоканал»""","""г. Домодедово""","""Московская область""",Река
Рожая,"""Муниципальное унитарное предприятие городского округа Домодедово «Домодедовский водоканал»""","""г.о. Домодедово, ГПЗ Константиново""","""Московская область""",Река
Делевка,"""Муниципальное унитарное предприятие жилищно-коммунального хозяйства муниципального образования «город Вологда» «Вологдагорводоканал»""","""г. Вологда""","""Вологодская область""",Река
"""Куйбышевское водохранилище""","""Акционерное общество «Особая экономическая зона «Иннополис»""","""н.п. Пустые Моркваши Верхнеуслонского муниципального района""","""Республика Татарстан""",Водохранилище
ДОН,"""Акционерное общество «Водоканал Ростова-на-Дону»""","""г. Ростов-на-Дону""","""Ростовская область""",Река
Томь,"""Общество с ограниченной ответственностью «Городские очистные сооружения»""","""Томский район, д. Орловка""","""Томская область""",Река
"""Саратовское водохранилище""","""Общество с ограниченной ответственностью """"АВТОГРАД-ВОДОКАНАЛ""""""","""г. Тольятти, п/о Копылово, Ставропольский район""","""Самарская область""",Водохранилище
"""Ик (Большой Ик)""","""Общество с ограниченной ответственностью «Уруссу-Водоканал»""","""н.п. Байлярово""","""Республика Татарстан""",Река
Пахра,"""Муниципальное унитарное предприятие городского округа Домодедово «Домодедовский водоканал»""","""г.о. Домодедово, д. Чурилково""","""Московская область""",Река
Сура,"""Общество с ограниченной ответственностью «Горводоканал»""","""г. Пенза""","""Пензенская область""",Река
"""Куйбышевское вдхр.""","""Акционерное общество «ЗВКС»""","""г. Зеленодольск""","""Республика Татарстан""",Водохранилище
"""Майнское вдхр.""","""Общество с ограниченной ответственностью «Саяногорские коммунальные системы» (ООО «СКС»)""","""р.п. Черемушки""","""Республика Хакасия""",Водохранилище
Подкумок,"""Филиал государственного унитарного предприятия Ставропольского края «Ставрополькрайводоканал»-«Кавминводоканал» производственно-техническое подразделение Кавминводские очистные сооружения канализации""","""г. Пятигорск""","""Ставропольский край""",Река
"""вдхр Волгоградское""","""Общество с ограниченной ответственностью «Концессии водоснабжения-Саратов»""","""Город Саратов""","""Саратовская область""",Водохранилище
"""Безымянная бывшая протока (бассейн р.Енисей)""","""Общество с ограниченной ответственностью «Красноярский жилищно-коммунальный комплекс»""","""с. Березовка""","""Красноярский край""",Река
ЕНИСЕЙ,"""Общество с ограниченной ответственностью «Красноярский жилищно-коммунальный комплекс»""","""г. Красноярск""","""Красноярский край""",Река
"""Воткинское водохранилище (р. Кама)""","""ООО """"НОВОГОР-Прикамье""""""","""Пермский муниципальный район""","""Пермский край""",Водохранилище
Обь,"""Общество с ограниченной ответственностью «Барнаульский Водоканал»""","""г. Барнаул""","""Алтайский край""",Река
Плесенка,"""Акционерное общество «Мосводоканал»""","""поселение Десеновское""",Москва,Река
"""Авачинская губа Тихого океана""","""Краевое государственное унитарное предприятие «Камчатский водоканал» (КГУП «Камчатский водоканал»)""","""г. Петропавловск-Камчатский""","""Камчатский край""",Губа
ТОМЬ,"""Общество с ограниченной ответственностью «Водоканал»""","""г. Новокузнецк""","""Кемеровская область - Кузбасс""",Река
"""Невская губа""","""Государственное унитарное предприятие «Водоканал Санкт-Петербурга»""","""г. Санкт-Петербург""",Санкт-Петербург,Губа
ИЖОРА,"""Государственное унитарное предприятие «Водоканал Санкт-Петербурга» (ГУП «Водоканал Санкт-Петербурга»)""","""г. Колпино""",Санкт-Петербург,Река
Акташ,"""Открытое акционерное общество «Горводоканал»""","""с.Покровское Хасавюртовского района""","""Республика Дагестан""",Река
"""Читинка (Чита)""","""Акционерное общество «Производственное управление водоснабжения и водоотведения города Читы»""","""г. Чита""","""Забайкальский край""",Река
"""Безымянный (приток реки Рожая)""","""Муниципальное унитарное предприятие городского округа Домодедово «Домодедовский водоканал»""","""г.о. Домодедово, д. Судаково""","""Московская область""",Ручей
Ликова,"""Акционерное общество «Мосводоканал»""","""поселение Московский""",Москва,Река
"""Невская губа""","""Государственное унитарное предприятие «Водоканал Санкт-Петербурга»""","""г. Санкт-Петербург""",Санкт-Петербург,Губа
Кума,"""Производственно-техническое подразделение Минераловодское филиала ГУП СК «Ставрополькрайводоканал»-«Южный»""","""с. Прикумское Минераловодского района""","""Ставропольский край""",Река
Рассудовка,"""Акционерное общество «Мосводоканал»""","""поселение Новофедоровское""",Москва,Река
Мурат,"""Акционерное общество «Альметьевск-Водоканал»""","""г. Альметьевск""","""Республика Татарстан""",Река
Кума,"""Производственно-техническое подразделение Минераловодское филиала ГУП СК «Ставрополькрайводоканал»-«Южный»""","""с. Побегайловка Минераловодского района""","""Ставропольский край""",Река
"""вдхр Горьковское""","""Публичное акционерное общество «Автодизель» (Ярославский моторный завод)""","""г. Ярославль""","""Ярославская область""",Водохранилище
Ока,"""Муниципальное унитарное предприятие «Водоканал»""","""г. Муром""","""Владимирская область""",Река
Цна,"""Акционерное общество """"Тамбовские коммунальные системы""""""","""г. Тамбов""","""Тамбовская область""",Река
Уводь,"""Акционерное общество «Водоканал»""",д.Богданиха,"""Ивановская область""",Река
"""вдхр Рыбинское""","""Государственное предприятие Ярославской области «Северный водоканал»""","""п. Судоверфь Рыбинского муниципального района""","""Ярославская область""",Водохранилище
"""Черное море""","""ГУП РК «Вода Крыма»""","""г. Алушта""","""Республика Крым""",Море
Б.САТКА,"""Акционерное общество «Энергосистемы»""","""г. Сатка""","""Челябинская область""",Река
Протва,"""Муниципальное предприятие г. Обнинска «Водоканал»""","""г. Обнинск""","""Калужская область""",Река
